"SuperClass","Class","Order","Family","Genus.species","SpecCode","BEl","VEp","REs","OGp","RMl","BLs","PFv","PFs","CPt","MBl","RMn","RMx","TLl","FHa","EHl","LHa","WLa","PCr","REp","EGt"
"Osteichthyes","Chondrostei","Acipenseriformes","Acipenseridae","Acipenser_sinensis",8762,6.78526315789474,0.391578947368421,0.135458167330677,0.286315789473684,2.62374116749433,0.528421052631579,0.225263157894737,0.141737677222807,5.08823529411765,346,5.32724181434293,279.228414881974,3.5,"3","1","3","3","1","2","2"
"Osteichthyes","Chondrostei","Acipenseriformes","Polyodontidae","Psephurus_gladius",4513,8.11501597444089,0.182108626198083,0.0698924731182795,0.220447284345048,6.10829353055946,0.594249201277955,0.162939297124601,0.0792933324742071,3.83333333333333,300,3.4407452756096,90.338777007978,4.15000009536743,"3","1","3","3","1","2","2"
"Osteichthyes","Teleostei","Anguilliformes","Anguillidae","Anguilla_japonica",295,12.8,0.268,0.378151260504202,0.904,0.818627151459331,0.476,0.628,0.0541310980975815,0,150,5.09595217218963,237.298413787098,3.54999995231628,"3","1","3","3","1","5","1"
"Osteichthyes","Teleostei","Clupeiformes","Dorosomatidae","Tenualosa_reevesii",1598,2.98611111111111,0.365277777777778,0.424083769633508,0.616666666666667,0.337889063879843,0.530555555555556,0.284722222222222,0.174899182888971,1.58558558558559,61.5999984741211,7.4420152112235,1360.44273200831,3.19000005722046,"2","1","1","2","1","4","1"
"Osteichthyes","Teleostei","Clupeiformes","Engraulidae","Coilia_nasus",630,6.5479797979798,0.148989898989899,0.462121212121212,0.623737373737374,1.74660236880371,0.333333333333333,0.414141414141414,0.354352152761364,2.04166666666667,41,9.1248098195067,2274.65155835039,3,"3","1","3","1","1","2","1"
"Osteichthyes","Teleostei","Clupeiformes","Engraulidae","Coilia_brachygnathus",615,5.30909090909091,0.329292929292929,0.338983050847458,0.591919191919192,0.963123569164432,0.476767676767677,0.397979797979798,0.350254942407574,1.38666666666667,35.4000015258789,7.95383244510214,783.590208244638,3.45000004768372,"2","1","1","1","1","2","1"
"Osteichthyes","Teleostei","Cypriniformes","Catostomidae","Myxocyprinus_asiaticus",12304,2.80428954423593,0.269436997319035,0.479623824451411,0.197050938337802,0.415120886702116,0.427613941018767,0.105898123324397,0.194000236089337,3.21495327102804,68,8.42397141588778,1118.53280701784,3.04999995231628,"2","0","1","2","1","2","3"
"Osteichthyes","Teleostei","Cypriniformes","Balitoridae","Lepturichthys_fimbriatus",58518,8.77972027972028,0.391608391608392,0.319796954314721,0.611888111888112,1.58769684199421,0.688811188811189,0.265734265734266,0.221572514084313,2.57142857142857,16.1000003814697,11.0039160892873,1973.72689260655,3.27999997138977,"2","0","1","3","1","2","1"
"Osteichthyes","Teleostei","Cypriniformes","Balitoridae","Lepturichthys_dolichopterus",58520,7.03883495145631,0.368932038834951,0.25,0.470873786407767,1.50711137215891,0.446601941747573,0.490291262135922,0.114690297964068,4.875,15.5549126998258,11.0039160892873,1973.72689260655,3.27999997138977,"2","0","1","3","1","3","1"
"Osteichthyes","Teleostei","Cypriniformes","Botiidae","Leptobotia_hengyangensis",60444,4.02669039145907,0.403914590747331,0.150375939849624,0.519572953736655,0.545540407846534,0.473309608540925,0.354092526690391,0.161062557478807,2.23648648648649,10.2799997329712,6.30668696693383,496.8665784015,3.24000000953674,"2","0","1","3","1","3","1"
"Osteichthyes","Teleostei","Cypriniformes","Botiidae","Leptobotia_citrauratea",69535,5.86065573770492,0.524590163934426,0.147058823529412,0.469945355191257,0.409313575729666,0.650273224043716,0.275956284153005,0.159553661543433,2.08239700374532,6.53000020980835,6.9770637996123,628.837338480268,3.1800000667572,"2","0","1","3","1","3","1"
"Osteichthyes","Teleostei","Cypriniformes","Botiidae","Leptobotia_micra",68642,6.51524390243902,0.530487804878049,0.253218884120172,0.225609756097561,0.558352439109773,0.710365853658537,0.100609756097561,0.153554660192746,1.73308270676692,5.01999998092651,7.09628980153752,650.320591415425,3.15000009536743,"2","0","1","3","1","3","1"
"Osteichthyes","Teleostei","Cypriniformes","Botiidae","Leptobotia_aff.Bellacauda",NA,5.82775119617225,0.416267942583732,0.236286919831224,0.586124401913876,0.409282700421941,0.566985645933014,0.23444976076555,0.128168256423091,1.29184549356223,13.67508494875,6.7568824744517,596.520147831727,3.2562031605707,"2","0","1","3","1","2","1"
"Osteichthyes","Teleostei","Cypriniformes","Botiidae","Leptobotia_taeniops",60442,4.14925373134328,0.41044776119403,0.117424242424242,0.235074626865672,0.473484848484849,0.492537313432836,0.16044776119403,0.201961079545689,1.65705128205128,22.7999992370605,6.42519094474631,525.968842803029,3.3199999332428,"2","0","2","3","1","4","1"
"Osteichthyes","Teleostei","Cypriniformes","Botiidae","Parabotia_fasciatus",54998,5.59803921568627,0.382352941176471,0.246575342465753,0.220588235294118,0.411315484570695,0.715686274509804,0.0392156862745099,0.138351687009152,2.09708737864078,18.7999992370605,6.30668696693383,496.8665784015,3.3199999332428,"2","1","1","3","1","3","1"
"Osteichthyes","Teleostei","Cypriniformes","Botiidae","Parabotia_banarescui",59575,5.96918767507003,0.453781512605042,0.219251336898396,0.274509803921569,0.974055033344738,0.523809523809524,0.184873949579832,0.134141181734404,1.97747747747748,21.3999996185303,6.30668696693383,496.8665784015,3.30999994277954,"2","0","1","3","1","3","1"
"Osteichthyes","Teleostei","Cypriniformes","Botiidae","Parabotia_lijiangensis",60507,4.57427937915743,0.452328159645233,0.238636363636364,0.443458980044346,0.700020086947792,0.585365853658537,0.24390243902439,0.160902940451301,1.45967741935484,17.2146695590471,6.42519094474631,525.968842803029,3.29999995231628,"2","0","1","3","1","3","1"
"Osteichthyes","Teleostei","Cypriniformes","Botiidae","Parabotia_kiangsiensis",66157,4.1859649122807,0.335087719298246,0.214521452145215,0.389473684210526,0.606731366346716,0.531578947368421,0.268421052631579,0.183893969359986,1.83425414364641,17.6639546629488,6.42519094474631,525.968842803029,3.29999995231628,"2","0","1","3","1","3","1"
"Osteichthyes","Teleostei","Cypriniformes","Botiidae","Parabotia_maculosus",60421,7.26315789473684,0.503289473684211,0.240196078431373,0.427631578947368,0.534313725490196,0.671052631578947,0.233552631578947,0.139886279089497,1.93604651162791,20,6.36538148388541,511.208377370664,3.29999995231628,"2","0","1","3","1","6","1"
"Osteichthyes","Teleostei","Cypriniformes","Cobitidae","Cobitis_sinensis",47864,7.82474226804124,0.560137457044674,0.152073732718894,0.34020618556701,1.06921380525788,0.745704467353952,0.439862542955326,0.214206361745744,1.33519553072626,15.3000001907349,6.48619043412999,541.182287382556,3.27999997138977,"2","0","1","3","1","3","2"
"Osteichthyes","Teleostei","Cypriniformes","Cobitidae","Cobitis_macrostigma",54728,8.76530612244898,0.629251700680272,0.148514851485149,0.574829931972789,0.698774256974015,0.687074829931973,0.27891156462585,0.125212130283656,1.29608938547486,13.7399997711182,6.42519094474631,525.968842803029,3.28999996185303,"2","0","2","3","1","3","2"
"Osteichthyes","Teleostei","Cypriniformes","Cobitidae","Cobitis_crassicauda",67352,5.64746543778802,0.460829493087558,0.228136882129278,0.124423963133641,0.586538104890453,0.605990783410138,0.133640552995392,0.137924622702249,0.538461538461538,9.55000019073486,6.74368327687781,607.352211984254,3.24000000953674,"2","0","1","3","1","3","2"
"Osteichthyes","Teleostei","Cypriniformes","Cobitidae","Cobitis_fasciola",67351,7.31172839506173,0.641975308641975,0.184313725490196,0.179012345679012,0.637493168126467,0.787037037037037,0.0679012345679011,0.0948143632563156,0.954802259887006,10.5799999237061,6.67711942207994,589.927180041848,3.25,"2","0","1","3","1","3","2"
"Osteichthyes","Teleostei","Cypriniformes","Cobitidae","Cobitis_stenocauda",67354,6.8361581920904,0.480225988700565,0.26046511627907,0.31638418079096,0.51995340307927,0.607344632768362,0.23728813559322,0.112787967470712,0.440860215053763,9.19999980926514,6.8118528731005,625.441696704287,3.23000001907349,"2","0","1","3","1","3","2"
"Osteichthyes","Teleostei","Cypriniformes","Cobitidae","Cobitis_xinjiangensis",NA,8.19031141868512,0.626297577854671,0.236286919831224,0.366782006920415,0.697122522177941,0.820069204152249,0.110726643598616,0.115668880159849,2.37823834196891,10.9792255567446,7.09832923067912,679.271704624252,3.20370321658966,"2","0","1","3","1","3","2"
"Osteichthyes","Teleostei","Cypriniformes","Cobitidae","Misgurnus_anguillicaudatus",3016,7.60897435897436,0.429487179487179,0.228723404255319,0.448717948717949,0.772596083353181,0.602564102564103,0.153846153846154,0.119869355866691,0.940909090909091,28,6.74368327687781,607.352211984254,3.09999990463257,"2","0","1","3","1","6","2"
"Osteichthyes","Teleostei","Cypriniformes","Cobitidae","Misgurnus_dabryanus",17244,7.28445747800586,0.44574780058651,0.283653846153846,0.146627565982405,0.822241893100341,0.609970674486804,0.293255131964809,0.111322408719107,0.651376146788991,21.5,6.74368327687781,607.352211984254,3.22000002861023,"2","1","1","3","1","3","2"
"Osteichthyes","Teleostei","Cypriniformes","Gastromyzontidae","Vanmanenia_stenosoma",60134,5.64179104477612,0.400497512437811,0.304526748971193,0.221393034825871,0.707052892013646,0.604477611940298,0.18407960199005,0.148371063500549,1.84848484848485,8.60000038146973,10.2732703150101,1741.82236566656,2.63000011444092,"2","0","2","3","1","3","3"
"Osteichthyes","Teleostei","Cypriniformes","Balitoridae","Vanmanenia_aff.Maculata",NA,4.2007874015748,0.372047244094488,0.212418300653595,0.228346456692913,0.857038215582562,0.602362204724409,0.122047244094488,0.208633336157321,1.97101449275362,9.48194230886572,8.1348520719483,920.912365853367,3.02397626236825,"2","0","2","3","1","3","3"
"Osteichthyes","Teleostei","Cypriniformes","Gastromyzontidae","Vanmanenia_gymnetrus",55020,5.62213740458015,0.396946564885496,0.270114942528736,0.103053435114504,0.907627577112063,0.66412213740458,0.0267175572519085,0.262159258897969,3.41573033707865,9.77999973297119,10.4478740090275,1798.55723967482,2.59999990463257,"2","1","2","3","1","3","3"
"Osteichthyes","Teleostei","Cypriniformes","Gastromyzontidae","Vanmanenia_caldwelli",60131,5.41309255079007,0.480812641083521,0.225589225589226,0.683972911963883,0.585297149614761,0.670428893905192,0.372460496613995,0.166309729796574,2.26406926406926,7.19999980926514,10.1038048309401,1686.08692513281,2.67000007629395,"2","0","2","3","1","3","3"
"Osteichthyes","Teleostei","Cypriniformes","Gastromyzontidae","Pseudogastromyzon_fasciatus",60900,5.06422018348624,0.495412844036697,0.337349397590361,0.100917431192661,0.789409506066563,0.761467889908257,0.0825688073394495,0.304692696255487,1.12903225806452,8.19999980926514,10.2732703150101,1741.82236566656,2.64000010490417,"2","0","2","3","1","3","3"
"Osteichthyes","Teleostei","Cypriniformes","Gastromyzontidae","Pseudogastromyzon_changtingensis",55026,5.15261958997722,0.521640091116173,0.210884353741497,0.129840546697039,0.482813514531677,0.669703872437358,0.0728929384965831,0.308334758725912,1.48953974895397,7.69999980926514,10.1038048309401,1686.08692513281,2.70000004768372,"2","0","2","3","1","3","3"
"Osteichthyes","Teleostei","Cypriniformes","Gastromyzontidae","Pseudogastromyzon_fangi",55024,4.22784810126582,0.489451476793249,0.14018691588785,0.0443037974683544,0.920978722891124,0.90295358649789,0.0675105485232068,0.300995422936143,1.78947368421053,10,10.2732703150101,1741.82236566656,2.64000010490417,"2","0","2","3","1","3","3"
"Osteichthyes","Teleostei","Cypriniformes","Gastromyzontidae","Formosania_paucisquama",55021,5.91176470588235,0.5,0.289256198347107,0,0,0.711764705882353,0.394117647058824,0.252242240450776,0.87012987012987,6,10.1038048309401,1686.08692513281,2.71000003814697,"2","1","2","3","1","3","3"
"Osteichthyes","Teleostei","Cypriniformes","Nemacheilidae","Schistura_incerta",54996,6.91379310344828,0.451149425287356,0.235537190082645,0.0488505747126438,0.750668486092607,0.695402298850575,0.227011494252874,0.170802716258699,1.86301369863014,14.3000001907349,9.32877729717375,1425.26084815017,2.98000001907349,"2","1","1","3","1","3","3"
"Osteichthyes","Teleostei","Cypriniformes","Nemacheilidae","Schistura_fasciolata",54991,5.88857142857143,0.508571428571429,0.28099173553719,0.22,0.75818282714107,0.691428571428571,0.205714285714286,0.151969527058377,1.73858921161826,12,9.32877729717375,1425.26084815017,2.98000001907349,"2","1","1","3","1","3","3"
"Osteichthyes","Teleostei","Cypriniformes","Nemacheilidae","Oreonectes_platycephalus",7760,6.93650793650794,0.333333333333333,0.298507462686567,0.742857142857143,0.721101330626602,0.638095238095238,0.336507936507937,0.17542937660249,1.98795180722892,10,16.1986555207176,3116.08317736555,2.6800000667572,"2","0","1","3","1","6","3"
"Osteichthyes","Teleostei","Cypriniformes","Nemacheilidae","Traccatichthys_pulcher",54990,4.31496062992126,0.375984251968504,0.349624060150376,0.604330708661417,0.476436092836011,0.523622047244094,0.393700787401575,0.179020550955005,1.41090909090909,12,14.9256184532942,2912.78932384714,2.72000002861023,"2","1","1","3","1","3","3"
"Osteichthyes","Teleostei","Cypriniformes","Cyprinidae","Spinibarbus_caldwelli",17293,4.12845849802372,0.490118577075099,0.359649122807018,0.468379446640316,0.576765040407374,0.675889328063241,0.239130434782609,0.174999947213257,2.08536585365854,32.5,4.17279337982949,128.265438309141,3.77999997138977,"2","0","1","2","1","4","2"
"Osteichthyes","Teleostei","Cypriniformes","Cyprinidae","Acrossocheilus_kreyenbergii",55158,3.15737704918033,0.308196721311475,0.35,0.39344262295082,0.388613443106727,0.459016393442623,0.219672131147541,0.218715353838074,2.35652173913043,15.4499998092651,11.4028555709744,2093.50492496872,2.74000000953674,"2","0","2","2","1","3","3"
"Osteichthyes","Teleostei","Cypriniformes","Cyprinidae","Acrossocheilus_parallens",54938,4.1705069124424,0.428571428571429,0.335714285714286,0.410138248847926,0.451753951452626,0.645161290322581,0.193548387096774,0.170341446208638,2.78947368421053,21,11.6112307144061,2153.90056225915,2.73000001907349,"2","0","2","2","1","3","3"
"Osteichthyes","Teleostei","Cypriniformes","Cyprinidae","Onychostoma_virgulatum",65185,3.49022801302932,0.364820846905537,0.363363363363363,0.449511400651466,0.445923195342868,0.542345276872964,0.188925081433225,0.226408187216728,2.05,14.5699996948242,13.7780819521255,2691.11833994711,2.75,"2","0","1","2","1","3","3"
"Osteichthyes","Teleostei","Cypriniformes","Cyprinidae","Onychostoma_brevibarba",NA,4.01058201058201,0.338624338624339,0.370860927152318,0.608465608465608,0.523315012867838,0.532627865961199,0.365079365079365,0.153997966688737,2.76146788990826,21.9851408400385,13.4874275237788,2474.63185641237,2.76869650861885,"2","0","1","2","1","3","3"
"Osteichthyes","Teleostei","Cypriniformes","Cyprinidae","Onychostoma_lini",54860,4.10869565217391,0.41304347826087,0.349514563106796,0.518115942028985,0.456253295756042,0.559782608695652,0.264492753623188,0.194183818743009,2.16256157635468,25.3199996948242,15.5459315067807,3016.98225777852,2.6800000667572,"2","0","3","3","1","3","3"
"Osteichthyes","Teleostei","Cypriniformes","Cyprinidae","Folifer_brevifilis",54953,4.66056910569106,0.357723577235772,0.386075949367089,0.382113821138211,0.553001235919392,0.642276422764228,0.138211382113821,0.190155918912834,3.22619047619048,40.5,16.1986555207176,3116.08317736555,2.65000009536743,"2","1","1","3","1","3","3"
"Osteichthyes","Teleostei","Cypriniformes","Cyprinidae","Barbodes_semifasciolatus",4677,3.35294117647059,0.259515570934256,0.461794019933555,0.42560553633218,0.531249908697924,0.52076124567474,0.179930795847751,0.159268961259701,1.3906976744186,7.57000017166138,13.5098286287612,2633.34491575048,2.76999998092651,"2","0","1","2","1","3","3"
"Osteichthyes","Teleostei","Cypriniformes","Cyprinidae","Parasinilabeo_maculatus",58406,5.27676240208877,0.391644908616188,0.329317269076305,0.595300261096606,0.59973973269396,0.650130548302872,0.276762402088773,0.181983840613205,3.01092896174863,11.1999998092651,27.500019317502,3917.69878844489,2.42000007629395,"2","0","1","3","1","3","3"
"Osteichthyes","Teleostei","Cypriniformes","Cyprinidae","Garra_orientalis",14456,3.74089068825911,0.431174089068826,0.263803680981595,0.392712550607287,0.600671146584356,0.659919028340081,0.157894736842105,0.141060541294913,1.41101694915254,20,66.9246566963905,4816.37077428873,2,"2","0","1","3","1","2","3"
"Osteichthyes","Teleostei","Cypriniformes","Cyprinidae","Cyprinus_rubrofuscus",59920,2.73033707865169,0.25561797752809,0.295180722891566,0.417134831460674,0.392861620136877,0.466292134831461,0.176966292134831,0.192196930990426,2.23790322580645,28,6.61207284669776,573.119992587611,3.25999999046326,"2","1","1","3","1","3","3"
"Osteichthyes","Teleostei","Cypriniformes","Cyprinidae","Carassius_auratus",271,2.74933687002653,0.240053050397878,0.354166666666667,0.392572944297082,0.402687968914694,0.381962864721485,0.175066312997347,0.144952374609256,1.91139240506329,48,13.2487605916607,2574.82072950639,2.77999997138977,"2","1","1","3","1","7","3"
"Osteichthyes","Teleostei","Cypriniformes","Xenocyprididae","Zacco_aff.Acanthogenys",NA,3.46804511278195,0.441729323308271,0.366666666666667,0.827067669172932,0.373231981520051,0.620300751879699,0.357142857142857,0.238396141094436,2.85514018691589,16.6427648355992,8.98268699580999,1104.87939152916,3.10687654083005,"2","0","2","1","1","4","3"
"Osteichthyes","Teleostei","Cypriniformes","Xenocyprididae","Opsariichthys_bidens",27264,4.24050632911392,0.510548523206751,0.354166666666667,0.457805907172996,0.666839369637065,0.708860759493671,0.172995780590717,0.209638777706769,2.34391534391534,26.1000003814697,6.48619043412999,541.182287382556,3.19000005722046,"3","0","2","1","1","3","3"
"Osteichthyes","Teleostei","Cypriniformes","Xenocyprididae","Zacco_acutipinnis",67554,3.63931888544892,0.431888544891641,0.311475409836066,0.565015479876161,0.299513874503396,0.56656346749226,0.195046439628483,0.292337095569324,3.29319371727749,13,7.18002909686,727.589184798781,3.20000004768372,"3","0","2","1","1","4","3"
"Osteichthyes","Teleostei","Cypriniformes","Xenocyprididae","Mylopharyngodon_piceus",4602,3.83272058823529,0.226102941176471,0.579185520361991,0.520220588235294,0.386632983303782,0.40625,0.176470588235294,0.226795130087244,1.8735632183908,180,7.10243615642215,705.43692235158,3.19000005722046,"3","1","3","3","1","3","1"
"Osteichthyes","Teleostei","Cypriniformes","Xenocyprididae","Ctenopharyngodon_idella",79,3.97727272727273,0.248106060606061,0.376854599406528,0.501893939393939,0.275325510427623,0.638257575757576,0.102272727272727,0.175775573258047,1.51481481481481,150,66.9246566963905,4816.37077428873,2,"1","1","3","2","1","4","2"
"Osteichthyes","Teleostei","Cypriniformes","Xenocyprididae","Squaliobarbus_curriculus",10387,3.99385560675883,0.267281105990783,0.382022471910112,0.41321044546851,0.388665889335667,0.410138248847926,0.267281105990783,0.147412595706002,2.11688311688312,48.7999992370605,15.5459315067807,3016.98225777852,3.23000001907349,"2","1","3","1","1","3","3"
"Osteichthyes","Teleostei","Cypriniformes","Xenocyprididae","Ochetobius_elongatus",25599,6.22087378640777,0.218446601941748,0.4375,0.317961165048544,0.604760086643204,0.427184466019417,0.184466019417476,0.0868664536875583,2.76190476190476,40,6.02749315886309,430.430079688314,3.22000002861023,"3","1","3","2","1","3","1"
"Osteichthyes","Teleostei","Cypriniformes","Xenocyprididae","Luciobrama_macrocephalus",54895,5.79908675799087,0.244292237442922,0.450980392156863,0.621004566210046,0.548591491967145,0.349315068493151,0.340182648401826,0.113760453949876,2.42857142857143,48,16.8848044402659,3209.66430110062,3.23000001907349,"3","1","3","2","1","4","1"
"Osteichthyes","Teleostei","Cypriniformes","Xenocyprididae","Elopichthys_bambusa",12068,4.89721627408994,0.353319057815846,0.224669603524229,0.490364025695931,0.748652460172789,0.486081370449679,0.209850107066381,0.153481775373279,2.73170731707317,200,23.6975774696248,3759.72344451036,3.33999991416931,"3","0","3","1","1","3","1"
"Osteichthyes","Teleostei","Cypriniformes","Xenocyprididae","Sinibrama_macrops",17289,3.38118811881188,0.214521452145215,0.674509803921569,0.354785478547855,0.432725152129686,0.420792079207921,0.148514851485149,0.363582497149102,1.81188118811881,22.7000007629395,6.881719462807,644.244988359126,3.1800000667572,"1","0","1","1","1","4","3"
"Osteichthyes","Teleostei","Cypriniformes","Xenocyprididae","Pseudolaubuca_sinensis",54783,4.14485165794066,0.204188481675393,0.450980392156863,0.588132635253054,0.501178925398267,0.445026178010471,0.389179755671902,0.206820864049288,2.36842105263158,29.2000007629395,6.74368327687781,607.352211984254,3.20000004768372,"2","0","1","1","1","3","3"
"Osteichthyes","Teleostei","Cypriniformes","Xenocyprididae","Pseudolaubuca_engraulis",54782,4.59665427509294,0.217472118959108,0.464435146443515,0.522304832713755,0.530655453347921,0.444237918215613,0.319702602230483,0.150477839513993,2.953125,22,6.881719462807,644.244988359126,3.17000007629395,"2","1","1","1","1","3","3"
"Osteichthyes","Teleostei","Cypriniformes","Xenocyprididae","Toxabramis_swinhonis",55396,4.7609649122807,0.239035087719298,0.524663677130045,0.50219298245614,0.740983051685556,0.489035087719298,0.269736842105263,0.187095664236527,2.09090909090909,12,7.34181857891417,774.797863529344,3.13000011444092,"1","0","1","2","1","2","1"
"Osteichthyes","Teleostei","Cypriniformes","Xenocyprididae","Hemiculter_leucisculus",4755,4.21672354948805,0.254266211604096,0.557251908396947,0.527303754266212,0.413994598153496,0.447098976109215,0.453924914675768,0.140908077489506,2.35294117647059,29,14.0536561793703,2748.02706109276,2.75,"2","1","1","1","1","2","3"
"Osteichthyes","Teleostei","Cypriniformes","Xenocyprididae","Hemiculter_bleekeri",22529,4.59962406015038,0.233082706766917,0.616740088105727,0.691729323308271,0.724398406734608,0.426691729323308,0.407894736842105,0.195392951485518,2.19689119170984,25.2000007629395,50.2456683216602,4495.34633752226,2.14000010490417,"2","0","1","1","1","2","1"
"Osteichthyes","Teleostei","Cypriniformes","Xenocyprididae","Hemiculterella_sauvagei",54924,5.25892857142857,0.287946428571429,0.6,0.540178571428571,0.428145585023726,0.502232142857143,0.196428571428571,0.200011962019877,2.18652849740933,14.5,12.9947421041513,2515.66585842195,3.16000008583069,"2","0","1","1","1","4","3"
"Osteichthyes","Teleostei","Cypriniformes","Xenocyprididae","Hemiculterella_wui",56027,4.41884816753927,0.263525305410122,0.562737642585551,0.547993019197208,0.452774924611536,0.458987783595113,0.279232111692845,0.204793207665092,2.98058252427184,17.1000003814697,12.9947421041513,2515.66585842195,3.16000008583069,"2","0","1","1","1","4","3"
"Osteichthyes","Teleostei","Cypriniformes","Xenocyprididae","Pseudohemiculter_dispar",54909,6.34343434343434,0.409090909090909,0.541818181818182,0.345959595959596,0.564386597471058,0.694444444444444,0.131313131313131,0.180233746044164,2.78571428571429,29.1000003814697,6.74368327687781,607.352211984254,3.19000005722046,"2","1","1","1","1","2","3"
"Osteichthyes","Teleostei","Cypriniformes","Xenocyprididae","Pseudohemiculter_hainanensis",56028,4.17112299465241,0.219251336898396,0.470355731225296,0.545454545454545,0.481532597825925,0.450980392156863,0.283422459893048,0.189401111573002,1.81081081081081,24,6.881719462807,644.244988359126,3.1800000667572,"2","0","1","1","1","3","3"
"Osteichthyes","Teleostei","Cypriniformes","Xenocyprididae","Culter_alburnus",46708,4.08856088560886,0.250922509225092,0.435344827586207,0.418819188191882,0.774375971389478,0.428044280442804,0.143911439114391,0.181686120389868,1.54166666666667,92.8000030517578,6.08164464156821,443.094568810977,3.28999996185303,"3","0","1","1","1","3","3"
"Osteichthyes","Teleostei","Cypriniformes","Xenocyprididae","Chanodichthys_erythropterus",4635,5.04271844660194,0.349514563106796,0.451048951048951,0.677669902912621,0.584878399697231,0.555339805825243,0.166990291262136,0.181560847317995,3.12301587301587,102,3.36380740215461,79.5550082797722,4.36999988555908,"3","1","1","1","1","3","3"
"Osteichthyes","Teleostei","Cypriniformes","Xenocyprididae","Chanodichthys_mongolicus",46706,4.06354515050167,0.270903010033445,0.363309352517986,0.418060200668896,0.352187482713649,0.464882943143813,0.173913043478261,0.166371226231013,3.04032258064516,100,5.97407059342501,418.042121991095,3.29999995231628,"3","0","1","1","1","3","3"
"Osteichthyes","Teleostei","Cypriniformes","Xenocyprididae","Chanodichthys_oxycephalus",56247,3.8,0.196491228070175,0.375796178343949,0.307017543859649,0.341403650528851,0.275438596491228,0.203508771929825,0.16450603916261,2.23893805309735,60,6.24903477250166,482.911854311774,3.25999999046326,"3","0","1","1","1","3","3"
"Osteichthyes","Teleostei","Cypriniformes","Xenocyprididae","Chanodichthys_dabryi",46610,3.91254125412541,0.240924092409241,0.447257383966245,0.305280528052805,0.47774446766981,0.391089108910891,0.0891089108910892,0.186476953454477,2.33993399339934,53.0999984741211,6.42519094474631,525.968842803029,3.24000000953674,"3","0","1","1","1","3","3"
"Osteichthyes","Teleostei","Cypriniformes","Xenocyprididae","Parabramis_pekinensis",282,2.7016393442623,0.108196721311475,0.473029045643154,0.451366120218579,0.358411121549078,0.263387978142076,0.226229508196721,0.150353253879063,2.35294117647059,55,66.9246566963905,4816.37077428873,2,"1","1","1","2","1","4","1"
"Osteichthyes","Teleostei","Cypriniformes","Xenocyprididae","Megalobrama_amblycephala",285,2.21413043478261,0.145652173913043,0.357638888888889,0.441304347826087,0.385479224152337,0.31304347826087,0.204347826086957,0.223860768750034,2.19607843137255,200,5.76667669811607,371.025681206392,3.33999991416931,"1","0","1","2","1","2","3"
"Osteichthyes","Teleostei","Cypriniformes","Xenocyprididae","Megalobrama_terminalis",4789,2.32222222222222,0.158888888888889,0.377358490566038,0.435555555555556,0.380384096975355,0.294444444444444,0.215555555555556,0.171259786897514,3.26,63.5,6.30668696693383,496.8665784015,3.25,"1","0","1","2","1","3","3"
"Osteichthyes","Teleostei","Cypriniformes","Xenocyprididae","Xenocypris_macrolepis",11099,3.69325153374233,0.239263803680982,0.449275362318841,0.582822085889571,0.716118399328457,0.423312883435583,0.315950920245399,0.151648029185339,1.70796460176991,34.5999984741211,18.7530906364248,3418.07282763253,3.22000002861023,"1","0","3","2","1","4","1"
"Osteichthyes","Teleostei","Cypriniformes","Xenocyprididae","Xenocypris_davidi",54925,3.88372093023256,0.245847176079734,0.389513108614232,0.453488372093023,0.308960389118208,0.443521594684385,0.196013289036545,0.142179385274548,2.16793893129771,46.9000015258789,21.301507177834,3622.17119405814,3.24000000953674,"1","1","3","2","1","4","3"
"Osteichthyes","Teleostei","Cypriniformes","Xenocyprididae","Plagiognathops_microlepis",46742,3.37468671679198,0.199248120300752,0.451713395638629,0.226817042606516,0.369195024322396,0.402255639097744,0.131578947368421,0.120317077085486,2.86581469648562,70,24.7291008804242,3808.18698578403,3.25999999046326,"1","0","3","2","1","3","3"
"Osteichthyes","Teleostei","Cypriniformes","Xenocyprididae","Distoechodon_tumirostris",17306,3.69411764705882,0.254411764705882,0.336633663366337,0.639705882352941,0.343059742348858,0.445588235294118,0.329411764705882,0.152072147916487,1.96363636363636,26.1000003814697,14.0536561793703,2748.02706109276,3.20000004768372,"1","0","3","2","1","5","3"
"Osteichthyes","Teleostei","Cypriniformes","Xenocyprididae","Pseudobrama_simoni",56111,3.1531393568147,0.211332312404288,0.492592592592593,0.607963246554365,0.348226941438316,0.413476263399694,0.260336906584992,0.204401267717523,2.30188679245283,20,16.5374895123565,3163.58812132611,3.17000007629395,"2","1","3","1","1","2","3"
"Osteichthyes","Teleostei","Cypriniformes","Xenocyprididae","Hypophthalmichthys_nobilis",275,3.56131260794473,0.236614853195164,0.414457831325301,0.544041450777202,0.219964499174486,0.716753022452504,0.120898100172712,0.227513180182518,2.60240963855422,146,12.0464921930722,2275.05585893631,2.82999992370605,"3","1","3","1","1","3","1"
"Osteichthyes","Teleostei","Cypriniformes","Xenocyprididae","Hypophthalmichthys_molitrix",274,3.24,0.261333333333333,0.352173913043478,0.636,0.2365473131954,0.613333333333333,0.186666666666667,0.14680922161783,2.11003236245955,120,66.9246566963905,4816.37077428873,2.27999997138977,"1","1","3","1","1","3","1"
"Osteichthyes","Teleostei","Cypriniformes","Xenocyprididae","Aphyocypris_chinensis",23617,3.65036231884058,0.286231884057971,0.495207667731629,0.311594202898551,0.225822326480157,0.567028985507246,0.233695652173913,0.180700370588828,2.5850622406639,6,7.60251383360641,853.554311162309,3.07999992370605,"2","0","2","1","1","8","3"
"Osteichthyes","Teleostei","Cypriniformes","Acheilognathidae","Acheilognathus_macropterus",54380,2.57387862796834,0.228232189973615,0.586572438162544,0.402374670184697,0.369693050166802,0.37335092348285,0.220316622691293,0.180747629535715,2.58515283842795,27.5,66.9246566963905,4816.37077428873,2,"2","1","1","1","5","8","3"
"Osteichthyes","Teleostei","Cypriniformes","Acheilognathidae","Acheilognathus_tonkinensis",54709,2.69601328903654,0.264119601328904,0.469314079422383,0.408637873754153,0.347509257793758,0.460132890365449,0.229235880398671,0.193531666232573,3.26114649681529,12.1999998092651,54.5350134821333,4584.60280175083,2.05999994277954,"2","0","1","1","5","3","3"
"Osteichthyes","Teleostei","Cypriniformes","Acheilognathidae","Acheilognathus_barbatulus",54928,3.14263322884013,0.249216300940439,0.487455197132616,0.344827586206897,0.29923485970956,0.43730407523511,0.184952978056426,0.14491674997213,2.12389380530973,8.69999980926514,49.226431759775,4473.44867770813,2.23000001907349,"2","0","1","1","5","4","3"
"Osteichthyes","Teleostei","Cypriniformes","Acheilognathidae","Acheilognathus_polylepis",55892,2.9185393258427,0.242977528089888,0.453924914675768,0.533707865168539,0.598526225650485,0.411516853932584,0.301966292134831,0.110180049990561,1.77168949771689,9.5,56.814298830403,4630.0445412752,2.07999992370605,"2","0","1","1","5","3","3"
"Osteichthyes","Teleostei","Cypriniformes","Acheilognathidae","Acheilognathus_meridianus",56321,3.61480362537764,0.24773413897281,0.496323529411765,0.43202416918429,0.335446463067917,0.410876132930514,0.226586102719033,0.163394833388348,2.55246913580247,11.8999996185303,57.9894131639906,4652.9352816077,2.0699999332428,"2","0","1","1","5","3","3"
"Osteichthyes","Teleostei","Cypriniformes","Acheilognathidae","Acheilognathus_hypselonotus",55893,1.78903826266805,0.186142709410548,0.52112676056338,0.491209927611169,0.152875305254172,0.293691830403309,0.293691830403309,0.219841720116631,1.25957446808511,16.5,66.9246566963905,4816.37077428873,2,"2","0","1","1","5","3","3"
"Osteichthyes","Teleostei","Cypriniformes","Acheilognathidae","Acanthorhodeus_chankaensis",46831,2.21805555555556,0.244444444444444,0.5,0.413888888888889,0.42578828825452,0.35,0.263888888888889,0.194517527451585,2.1948717948718,14.3999996185303,59.1888328876896,4675.93919277221,2,"2","1","1","1","5","5","3"
"Osteichthyes","Teleostei","Cypriniformes","Acheilognathidae","Acheilognathus_barbatus",55891,2.96064400715564,0.259391771019678,0.496031746031746,0.373881932021467,0.209529821943557,0.450805008944544,0.220035778175313,0.169188605900929,3.20454545454545,9,43.5208257604712,4346.00302620767,2.21000003814697,"2","0","1","1","5","3","3"
"Osteichthyes","Teleostei","Cypriniformes","Acheilognathidae","Acheilognathus_macromandibularis",58200,2.68028169014085,0.27887323943662,0.5,0.556338028169014,0.400961410358872,0.43943661971831,0.259154929577465,0.193776151812961,1.47161572052402,5.19000005722046,29.3010123848643,3977.68372452384,2.40000009536743,"2","0","1","1","5","3","3"
"Osteichthyes","Teleostei","Cypriniformes","Acheilognathidae","Paratanakia_chii",69390,2.99751243781095,0.31592039800995,0.481481481481481,0.430348258706468,0.229248488947036,0.537313432835821,0.208955223880597,0.0979815577968166,2.85810810810811,5.55999994277954,21.715477916061,2864.58847390922,2.35999989509583,"2","0","1","1","5","3","3"
"Osteichthyes","Teleostei","Cypriniformes","Acheilognathidae","Rhodeus_sinensis",54926,2.50123456790123,0.202469135802469,0.43,0.462962962962963,0.266166197035695,0.37037037037037,0.222222222222222,0.179940774322658,2.375,10.8000001907349,17.2407247582954,3254.27427441709,2.53999996185303,"2","1","1","1","5","3","3"
"Osteichthyes","Teleostei","Cypriniformes","Acheilognathidae","Rhodeus_ocellatus",4784,2.63779527559055,0.23753280839895,0.450331125827815,0.44488188976378,0.135923018223668,0.396325459317585,0.257217847769029,0.15125114540856,3.33644859813084,9.19999980926514,17.2407247582954,3254.27427441709,2.51999998092651,"2","1","1","1","5","2","3"
"Osteichthyes","Teleostei","Cypriniformes","Acheilognathidae","Rhodeus_fangi",55889,3.03343023255814,0.20203488372093,0.600682593856655,0.277616279069767,0.260125583785546,0.425872093023256,0.155523255813953,0.134356251967513,2.30078125,6.5,17.2407247582954,3254.27427441709,2.61999988555908,"2","0","1","1","5","2","3"
"Osteichthyes","Teleostei","Cypriniformes","Acheilognathidae","Rhodeus_lighti",47833,2.38849765258216,0.240610328638498,0.505882352941176,0.447183098591549,0.329884115124941,0.39906103286385,0.192488262910798,0.183067624084535,2.68093385214008,7.19999980926514,17.2407247582954,3254.27427441709,2.65000009536743,"2","0","1","1","5","3","3"
"Osteichthyes","Teleostei","Cypriniformes","Acheilognathidae","Rhodeus_nigrodorsalis",70781,3.50632911392405,0.286392405063291,0.53315649867374,0.525316455696203,0.153686004635236,0.596518987341772,0.238924050632911,0.175146651566415,3.05194805194805,4.71000003814697,17.7866203313881,2870.08933612826,2.71000003814697,"2","0","1","1","5","3","3"
"Osteichthyes","Teleostei","Cypriniformes","Acheilognathidae","Rhodeus_flaviventris",70790,2.23174603174603,0.182539682539683,0.449760765550239,0.396825396825397,0.285481988328733,0.331746031746032,0.23015873015873,0.190033570620363,2.55384615384615,5.28999996185303,19.2152166872353,3115.77676100446,2.6800000667572,"2","0","1","1","5","3","3"
"Osteichthyes","Teleostei","Cypriniformes","Acheilognathidae","Rhodeus_albomarginatus",67829,2.03398058252427,0.189320388349515,0.450704225352113,0.461165048543689,0.368626826149363,0.344660194174757,0.271844660194175,0.158975680032276,2.41176470588235,5.84000015258789,17.2407247582954,3254.27427441709,2.65000009536743,"2","0","1","1","5","3","3"
"Osteichthyes","Teleostei","Cypriniformes","Gobionidae","Hemibarbus_labeo",17301,5.21761658031088,0.569948186528497,0.316455696202532,0.50259067357513,0.467198367948369,0.818652849740933,0.103626943005181,0.181727904667329,2.07446808510638,67,5.6165820285751,338.254662212129,3.45000004768372,"3","0","1","3","1","4","3"
"Osteichthyes","Teleostei","Cypriniformes","Gobionidae","Hemibarbus_maculatus",4752,4.11297071129707,0.405857740585774,0.351724137931034,0.464435146443515,0.579843760989239,0.606694560669456,0.142259414225941,0.207537948815869,1.68695652173913,47,5.56742119865068,327.803175388558,3.45000004768372,"3","0","1","3","1","3","3"
"Osteichthyes","Teleostei","Cypriniformes","Gobionidae","Paracanthobrama_guichenoti",54127,3.78571428571429,0.236263736263736,0.447761194029851,0.357142857142857,0.591391425556984,0.368131868131868,0.17032967032967,0.169258400430923,2.09302325581395,41.5,5.76667669811607,371.025681206392,3.41000008583069,"3","0","1","3","2","2","3"
"Osteichthyes","Teleostei","Cypriniformes","Gobionidae","Belligobio_nummifer",55420,5.30952380952381,0.535714285714286,0.402985074626866,0.357142857142857,0.391773276071842,0.797619047619048,0.142857142857143,0.212827398656221,1.98837209302326,14.3000001907349,6.48619043412999,541.182287382556,3.27999997138977,"3","0","1","3","1","3","3"
"Osteichthyes","Teleostei","Cypriniformes","Gobionidae","Pseudorasbora_parva",4691,4.51376146788991,0.293577981651376,0.474576271186441,0.55045871559633,0.404300353961918,0.541284403669725,0.137614678899083,0.135128212508899,2.40625,12.5,8.30991435421234,1080.57366701326,3.05999994277954,"2","1","2","2","2","3","3"
"Osteichthyes","Teleostei","Cypriniformes","Gobionidae","Pseudorasbora_elongata",55987,5.36111111111111,0.233333333333333,0.571428571428571,0.322222222222222,0.332220828491831,0.544444444444444,0.088888888888889,0.167054860363827,2.01515151515152,11.6999998092651,6.67711942207994,589.927180041848,3.25,"2","0","2","2","2","2","3"
"Osteichthyes","Teleostei","Cypriniformes","Gobionidae","Sarcocheilichthys_sinensis",47349,3.72794117647059,0.316176470588235,0.329545454545455,0.345588235294118,0.323015236444361,0.647058823529412,0.117647058823529,0.214010761668938,2.25,30,6.13657900961995,456.050195136698,3.33999991416931,"2","0","1","2","1","2","3"
"Osteichthyes","Teleostei","Cypriniformes","Gobionidae","Sarcocheilichthys_parvus",54968,4.01666666666667,0.425,0.383561643835616,0.383333333333333,0.343286687291553,0.608333333333333,0.225,0.197368232265979,3.91176470588235,8.69999980926514,7.34181857891417,774.797863529344,3.21000003814697,"2","0","1","2","1","7","3"
"Osteichthyes","Teleostei","Cypriniformes","Gobionidae","Sarcocheilichthys_nigripinnis",12225,4.58095238095238,0.361904761904762,0.466666666666667,0.495238095238095,0.459770474137791,0.571428571428571,0.180952380952381,0.209195548830542,2.15,16,6.61207284669776,573.119992587611,3.25999999046326,"2","0","1","2","1","3","3"
"Osteichthyes","Teleostei","Cypriniformes","Gobionidae","Sarcoheilichthys_vittatus",NA,4.79591836734694,0.438775510204082,0.327586206896552,0.448979591836735,0.408733434176886,0.591836734693878,0.275510204081633,0.180700813681587,2.05,14.4966003926626,8.81084682740493,1024.79582741,3.06029242087072,"2","0","1","3","1","2","3"
"Osteichthyes","Teleostei","Cypriniformes","Gobionidae","Sarcoheilichthys_kiangsiensis",NA,4.40776699029126,0.349514563106796,0.418181818181818,0.601941747572815,0.362270160821296,0.533980582524272,0.184466019417476,0.187690532094913,4.38461538461539,17.643966811132,10.1833509446924,1830.71027273882,2.91545136107584,"2","0","1","2","1","2","3"
"Osteichthyes","Teleostei","Cypriniformes","Gobionidae","Gnathopogon_taeniellus",55372,3.61481481481481,0.340740740740741,0.44,0.481481481481481,0.341499959329752,0.555555555555556,0.22962962962963,0.170808737575203,1.89333333333333,10,7.02691672084104,684.193404965751,3.20000004768372,"2","0","1","2","1","3","3"
"Osteichthyes","Teleostei","Cypriniformes","Gobionidae","Gnathopogon_nicholsi",55373,3.51633986928105,0.30718954248366,0.380281690140845,0.65359477124183,0.473457360956946,0.464052287581699,0.274509803921569,0.180450630473491,0.846153846153846,7.5,7.10243615642215,705.43692235158,3.19000005722046,"2","0","1","2","1","4","3"
"Osteichthyes","Teleostei","Cypriniformes","Gobionidae","Gnathopogon_aff.Imberbis",NA,3.421875,0.359375,0.426829268292683,0.5390625,0.409944788145649,0.640625,0.0859375,0.207549190454128,1.55555555555556,12.2747917049982,7.15370068120169,682.400106792915,3.20276480950487,"2","0","1","2","1","3","2"
"Osteichthyes","Teleostei","Cypriniformes","Gobionidae","Platysmacheilus_longibarbatus",55400,6.15909090909091,0.507575757575758,0.340909090909091,0.628787878787879,0.908238236485822,0.666666666666667,0.393939393939394,0.172135815889138,1.36842105263158,8.10000038146973,7.02691672084104,684.193404965751,3.20000004768372,"3","0","1","3","1","4","3"
"Osteichthyes","Teleostei","Cypriniformes","Gobionidae","Microphysogobio_chenhsienensis",55905,5.27380952380952,0.476190476190476,0.338709677419355,0.428571428571429,0.5871056362323,0.738095238095238,0.119047619047619,0.192523133726595,1.95454545454545,15.5,12.2736446933076,2335.58231168182,3.28999996185303,"2","0","1","3","1","4","3"
"Osteichthyes","Teleostei","Cypriniformes","Gobionidae","Squalidus_argentatus",54974,4.48514851485149,0.445544554455446,0.4,0.346534653465347,0.286744175568088,0.594059405940594,0.207920792079208,0.178043223412179,2.70212765957447,18.7999992370605,6.48619043412999,541.182287382556,3.30999994277954,"2","1","1","2","1","2","3"
"Osteichthyes","Teleostei","Cypriniformes","Gobionidae","Squalidus_wolterstorffi",54972,4.41666666666667,0.342592592592593,0.603448275862069,0.324074074074074,0.329396089216255,0.537037037037037,0.203703703703704,0.174395256545789,1.95652173913043,15.8000001907349,6.61207284669776,573.119992587611,3.25999999046326,"2","1","1","2","1","2","3"
"Osteichthyes","Teleostei","Cypriniformes","Gobionidae","Coreius_heterodon",55907,4.79638009049774,0.235294117647059,0.239583333333333,0.565610859728507,0.512961343843547,0.434389140271493,0.280542986425339,0.205867992833947,2.32478632478632,53,5.81767214860472,382.417005840191,3.42000007629395,"2","0","3","2","1","3","3"
"Osteichthyes","Teleostei","Cypriniformes","Gobionidae","Rhinogobio_typus",54978,6.2,0.56,0.28,0.226666666666667,0.379473319220206,0.666666666666667,0.28,0.160312447845487,1.78125,49,5.81767214860472,382.417005840191,3.41000008583069,"3","1","1","3","1","3","1"
"Osteichthyes","Teleostei","Cypriniformes","Gobionidae","Rhinogobio_cylindricus",55915,6.03488372093023,0.604651162790698,0.220338983050847,0.372093023255814,0.45479348694911,0.686046511627907,0.27906976744186,0.159969350460022,2.6078431372549,33.0999984741211,6.02749315886309,430.430079688314,3.35999989509583,"3","0","1","3","1","3","1"
"Osteichthyes","Teleostei","Cypriniformes","Gobionidae","Abbottina_rivularis",22903,4.53211009174312,0.495412844036697,0.307692307692308,0.403669724770642,0.72727459506066,0.715596330275229,0.036697247706422,0.21637204783838,1.84313725490196,18.8999996185303,6.42519094474631,525.968842803029,3.28999996185303,"2","1","1","3","3","2","3"
"Osteichthyes","Teleostei","Cypriniformes","Gobionidae","Microphysogobio_microstomus",55902,5.90789473684211,0.578947368421053,0.362068965517241,0.486842105263158,0.541390292003709,0.763157894736842,0.131578947368421,0.209460713043234,2.48780487804878,6.19999980926514,7.2597905629256,750.694335427755,3.17000007629395,"2","0","1","3","1","3","3"
"Osteichthyes","Teleostei","Cypriniformes","Gobionidae","Microphysogobio_tungtingensis",47816,5.19417475728155,0.524271844660194,0.391304347826087,0.485436893203884,0.545551600716484,0.669902912621359,0.145631067961165,0.185809811504085,1.83050847457627,11.5,6.67711942207994,589.927180041848,3.25,"2","0","1","3","2","2","3"
"Osteichthyes","Teleostei","Cypriniformes","Gobionidae","Microphysogobio_nudiventris",66916,5.00909090909091,0.363636363636364,0.328571428571429,0.518181818181818,0.631486745865724,0.636363636363636,0.209090909090909,0.219383132286919,2.25,7.1100001335144,7.10243615642215,705.43692235158,3.19000005722046,"2","0","1","3","1","3","3"
"Osteichthyes","Teleostei","Cypriniformes","Gobionidae","Microphysogobio_zhangi",68760,4.624,0.392,0.44,0.4,0.643600980594516,0.6,0.144,0.211327771413183,2.12280701754386,7.71000003814697,7.27840247977251,766.549213048838,3.20000004768372,"2","0","1","3","2","4","3"
"Osteichthyes","Teleostei","Cypriniformes","Gobionidae","Microphysogobio_bicolor",NA,5.37113402061856,0.402061855670103,0.447761194029851,0.381443298969072,0.617015719659534,0.690721649484536,0.0103092783505154,0.211394010015484,1.67391304347826,9.15672688135171,7.23114640294603,732.403082058168,3.20807384450586,"2","0","1","3","2","4","3"
"Osteichthyes","Teleostei","Cypriniformes","Gobionidae","Microphysogobio_kachekensis",54984,6.43373493975904,0.662650602409639,0.323529411764706,0.55421686746988,0.600245047998781,0.819277108433735,0.192771084337349,0.161059576323929,1.77358490566038,6.69000005722046,6.8118528731005,625.441696704287,3.1800000667572,"2","1","1","3","1","4","3"
"Osteichthyes","Teleostei","Cypriniformes","Gobionidae","Pseudogobio_vaillanti",54780,5.71276595744681,0.542553191489362,0.280487804878049,0.659574468085106,0.53547557073415,0.872340425531915,0.0957446808510638,0.196097431841717,2.03125,22.7999992370605,6.42519094474631,525.968842803029,3.30999994277954,"2","0","1","3","1","4","2"
"Osteichthyes","Teleostei","Cypriniformes","Gobionidae","Saurogobio_dumerili",55397,8.77777777777778,0.317460317460317,0.351351351351351,0.333333333333333,0.573329822583688,0.587301587301587,0,0.135816620113023,2.2,24,6.19235464167942,469.315162839794,3.33999991416931,"2","0","1","3","1","3","3"
"Osteichthyes","Teleostei","Cypriniformes","Gobionidae","Saurogobio_dabryi",47352,6.69333333333333,0.6,0.379310344827586,0.0800000000000001,0.417369601272766,0.773333333333333,0.0533333333333332,0.229161601154771,1.71428571428571,27.2999992370605,6.24903477250166,482.911854311774,3.32999992370605,"2","1","1","3","1","2","3"
"Osteichthyes","Teleostei","Cypriniformes","Gobionidae","Saurogobio_gymnocheilus",55855,5.38235294117647,0.53921568627451,0.319444444444444,0.323529411764706,0.471813548651751,0.705882352941177,0.176470588235294,0.176393578049934,1.7,16.2999992370605,6.67711942207994,589.927180041848,3.28999996185303,"2","1","1","3","1","2","1"
"Osteichthyes","Teleostei","Cypriniformes","Gobionidae","Saurogobio_punctatus",68767,6.82894736842105,0.539473684210526,0.372881355932203,0.355263157894737,0.479993296898519,0.776315789473684,0.0526315789473684,0.190010432787245,1.97142857142857,15.960000038147,6.52018219511885,548.095791054769,3.28999996185303,"2","0","1","3","1","3","3"
"Osteichthyes","Teleostei","Cypriniformes","Gobionidae","Saurogobio_xiangjiangensis",55854,6.93827160493827,0.617283950617284,0.348484848484849,0.432098765432099,0.479132978813391,0.814814814814815,0.234567901234568,0.154394680459325,2.59459459459459,26,6.08164464156821,443.094568810977,3.34999990463257,"2","0","1","3","1","3","3"
"Osteichthyes","Teleostei","Cypriniformes","Gobionidae","Saurogobio_gracilicaudatus",55853,6.64516129032258,0.623655913978495,0.315068493150685,0.419354838709677,0.668852362505956,0.78494623655914,0.311827956989247,0.214430296627922,1.69444444444444,16.7999992370605,6.36538148388541,511.208377370664,3.29999995231628,"2","0","1","3","1","3","3"
"Osteichthyes","Teleostei","Cypriniformes","Gobionidae","Gobiobotia_meridionalis",65251,5.54166666666667,0.510416666666667,0.382716049382716,0.53125,0.321935921244575,0.84375,0.145833333333333,0.206056537722261,2.05405405405405,13.3000001907349,6.95337604948384,663.812283968472,3.24000000953674,"3","0","1","3","1","3","3"
"Osteichthyes","Teleostei","Cypriniformes","Gobionidae","Gobiobotia_tungi",55896,5.36082474226804,0.505154639175258,0.426470588235294,0.144329896907216,0.488846180546901,0.701030927835051,0.0721649484536082,0.259622507024808,2.05769230769231,13,6.74368327687781,607.352211984254,3.24000000953674,"3","0","1","3","1","2","3"
"Osteichthyes","Teleostei","Cypriniformes","Gobionidae","Gobiobotia_jiangxiensis",58354,5.18390804597701,0.471264367816092,0.333333333333333,0.310344827586207,0.431817951873436,0.586206896551724,0.425287356321839,0.261978811312496,1.12820512820513,5,7.69463020282058,882.103954580138,3.11999988555908,"2","0","1","3","1","3","3"
"Osteichthyes","Teleostei","Cypriniformes","Gobionidae","Gobiobotia_kolleri",54988,5.20833333333333,0.416666666666667,0.303571428571429,0.25,0.643848442047141,0.583333333333333,0.166666666666667,0.263286915740224,1.5609756097561,12.5,6.61207284669776,573.119992587611,3.25999999046326,"2","1","1","3","1","2","3"
"Osteichthyes","Teleostei","Cypriniformes","Leuciscidae","Rhynchocypris_oxycephala",48140,4.95327102803738,0.196261682242991,0.454545454545455,0.401869158878505,0.631147453007628,0.514018691588785,0.168224299065421,0.136189301378254,2.25806451612903,17.2000007629395,4.62136954566974,169.509515996433,3.66000008583069,"2","0","1","3","1","4","3"
"Osteichthyes","Teleostei","Siluriformes","Bagridae","Tachysurus_sinensis",58672,5.76595744680851,0.297872340425532,0.384615384615385,0.202127659574468,0.450591327456153,0.553191489361702,0.138297872340426,0.182740671799474,2,36.0999984741211,2.94025030593146,4.94488518657055,3.89000010490417,"2","1","1","3","4","2","2"
"Osteichthyes","Teleostei","Siluriformes","Bagridae","Tachysurus_eupogon",NA,6.53086419753086,0.444444444444444,0.375,0.407407407407407,0.370926954474268,0.592592592592593,0.265432098765432,0.113897081278837,2.36170212765957,32.9002883721364,3.77308760715118,10.1397952409352,3.71529738055029,"2","0","1","3","4","3","2"
"Osteichthyes","Teleostei","Siluriformes","Bagridae","Tachysurus_vachellii",50950,5.45263157894737,0.378947368421053,0.305084745762712,0.505263157894737,0.698831461969095,0.621052631578947,0.2,0.170770328310368,1.375,42.2999992370605,3.62227364636392,7.82573546037509,3.71000003814697,"2","0","1","3","4","3","2"
"Osteichthyes","Teleostei","Siluriformes","Bagridae","Tachysurus_nitidus",50943,5.3953488372093,0.337209302325581,0.324324324324324,0.325581395348837,0.84866586314095,0.430232558139535,0.395348837209302,0.219869840428567,1.30909090909091,40.7999992370605,3.71926663372475,7.10693740911963,3.70000004768372,"2","1","1","3","4","3","2"
"Osteichthyes","Teleostei","Siluriformes","Bagridae","Tachysurus_dumerili",50980,4.54545454545455,0.310606060606061,0.166666666666667,0.401515151515151,0.754615428178118,0.454545454545455,0.21969696969697,0.156702123647243,1.37313432835821,80.4000015258789,3.07301333951647,5.83200413691209,3.85999989509583,"2","1","1","3","4","2","3"
"Osteichthyes","Teleostei","Siluriformes","Bagridae","Tachysurus_crassilabris",55077,4.60576923076923,0.394230769230769,0.293103448275862,0.278846153846154,0.700135879456791,0.557692307692308,0.192307692307692,0.148460515219716,1.33333333333333,32.5,3.90537077810533,8.66724451833936,3.69000005722046,"2","0","1","3","4","3","2"
"Osteichthyes","Teleostei","Siluriformes","Bagridae","Tachysurus_torosilabris",NA,6.82692307692308,0.346153846153846,0.558823529411765,0.519230769230769,0.772023808729806,0.653846153846154,0.809726331360947,0.204317609079308,1.24799498746867,24.6611287545654,4.06744288274581,11.9221528023137,3.47941469433651,"2","0","1","3","4","3","3"
"Osteichthyes","Teleostei","Siluriformes","Bagridae","Tachysurus_analis",50919,4.73684210526316,0.359649122807018,0.28169014084507,0.666666666666667,0.585820685720716,0.62280701754386,0.245614035087719,0.233399461528889,1.32758620689655,13.5200004577637,3.98038358140289,8.9350946132872,3.49000000953674,"2","0","1","3","4","2","2"
"Osteichthyes","Teleostei","Siluriformes","Bagridae","Tachysurus_tenuis",50762,6.09615384615385,0.375,0.275862068965517,0.576923076923077,0.62759568011039,0.557692307692308,0.240384615384615,0.272323077048104,1.54838709677419,33.9199981689453,3.79894055381343,8.28971195784398,3.70000004768372,"2","0","1","3","4","3","2"
"Osteichthyes","Teleostei","Siluriformes","Bagridae","Tachysurus_ussuriensi",NA,5.66666666666667,0.390804597701149,0.314814814814815,0.390804597701149,0.537037037037037,0.620689655172414,0.114942528735632,0.207055580611357,1.72222222222222,35.4932282489412,3.63080473552238,8.33543336225189,3.69862990023798,"2","0","1","3","4","3","2"
"Osteichthyes","Teleostei","Siluriformes","Bagridae","Tachysurus_aff.Truncatus",NA,7.51315789473684,0.460526315789474,0.351851851851852,0.276315789473684,0.751997796453591,0.710526315789474,0.013157894736842,0.143404666171168,1.34328358208955,32.6494448670256,3.76645009932767,8.5102265382459,3.64414927464929,"2","0","1","3","4","3","2"
"Osteichthyes","Teleostei","Siluriformes","Bagridae","Tachysurus_argentivittatus",50965,3.92857142857143,0.303571428571429,0.466666666666667,0.4375,0.555027526844891,0.535714285714286,0.285714285714286,0.232063150424888,1.9047619047619,5,4.31800758527489,11.5619586609218,3.25999999046326,"2","0","1","3","4","3","3"
"Osteichthyes","Teleostei","Siluriformes","Bagridae","Tachysurus_ondan",NA,5.56565656565657,0.313131313131313,0.350877192982456,0.585858585858586,0.732022668246494,0.575757575757576,0.141414141414141,0.173565738163416,1.36363636363636,34.5017770961648,3.68470829383055,8.58182558400243,3.71192101666631,"2","0","1","3","4","3","2"
"Osteichthyes","Teleostei","Siluriformes","Bagridae","Hemibagrus_macropterus",52976,8.10958904109589,0.479452054794521,0.259259259259259,0.383561643835616,1.40020084783081,0.73972602739726,0.095890410958904,0.128644815977431,0.783783783783784,54.2000007629395,3.20160517831651,7.01301551819334,3.57999992370605,"2","0","2","3","1","2","3"
"Osteichthyes","Teleostei","Siluriformes","Sisoridae","Glyptothorax_sinensis",24874,4.85714285714286,0.798029556650246,0.102150537634409,0,0,0.916256157635468,0.270935960591133,0.279878440212511,1.15315315315315,34,4.19257327271083,13.3964584324261,3.30999994277954,"2","0","2","3","1","3","3"
"Osteichthyes","Teleostei","Siluriformes","Amblycipitidae","Liobagrus_anguillicauda",50990,6.34567901234568,0.555555555555556,0.185185185185185,0,0,0.666666666666667,0.518518518518518,0.137858005743633,1.57352941176471,12.1000003814697,4.20760335721009,12.5438648522311,3.22000002861023,"2","0","1","3","4","2","3"
"Osteichthyes","Teleostei","Siluriformes","Amblycipitidae","Liobagrus_aequilabris",64276,6.86153846153846,0.538461538461538,0.25,0,0,0.738461538461539,0.0923076923076922,0.174887892376682,1.42857142857143,6.19999980926514,4.33339678919719,14.3671667273094,3.16000008583069,"2","0","1","3","4","3","3"
"Osteichthyes","Teleostei","Siluriformes","Siluridae","Silurus_asotus",6566,5.40196078431373,0.450980392156863,0.245901639344262,0.843137254901961,0.378472012479187,0.598039215686274,0.286123032904149,0.138894808447532,2.44565217391304,130,2.58805525673241,2.79412096889899,4.42999982833862,"3","0","1","2","1","3","3"
"Osteichthyes","Teleostei","Siluriformes","Siluridae","Silurus_meridionalis",25308,5.05042016806723,0.319327731092437,0.210526315789474,0.378151260504202,0.690479601900155,0.478991596638655,0.352941176470588,0.145911223084151,1.48387096774194,114.199996948242,2.35261268319864,3.8985233914717,4.19999980926514,"3","0","1","2","1","4","2"
"Osteichthyes","Teleostei","Siluriformes","Clariidae","Clarias_fuscus",293,6.59090909090909,0.325757575757576,0.25,0.295454545454545,0.670820393249937,0.454545454545455,0.151515151515152,0.110500369301651,1.37704918032787,24.5,3.31722658084516,5.76693897565032,3.74000000953674,"3","0","1","2","4","3","2"
"Osteichthyes","Teleostei","Osmeriformes","Salangidae","Neosalanx_jordani",47135,7,0.132530120481928,0.481481481481481,0.313253012048193,0.812285637017085,0.325301204819277,0.562672855008424,0.0185980370780685,2.61290322580645,5.80000019073486,8.90144095092781,569.818180952652,3,"3","1","3","1","1","3","3"
"Osteichthyes","Teleostei","Osmeriformes","Salangidae","Neosalanx_tangkahkeii",54884,8.5,0.382352941176471,0.555555555555556,0.691176470588235,0.43479099562496,0.529411764705882,0.147058823529412,0.101074198401235,2.57575757575758,8,8.87598169642921,569.818180952652,3,"3","1","3","2","1","3","3"
"Osteichthyes","Teleostei","Osmeriformes","Salangidae","Protosalanx_chinensis",60010,8.53968253968254,0.206349206349206,0.608695652173913,0.111111111111111,1.36455259360654,0.365079365079365,0.296519663274281,0.0753226724358775,2.5,21,8.7149467394584,606.964868781808,2.98000001907349,"3","0","3","1","1","4","3"
"Osteichthyes","Teleostei","Osmeriformes","Salangidae","Hemisalanx_brachyrostralis",55416,10.2708333333333,0.291666666666667,0.45,1.15671641791045,1.43512761410852,0.416666666666667,0.229166666666667,0.0990389907970279,6.11111111111111,13.6199998855591,8.85485062691964,606.964868781808,2.98000001907349,"2","0","3","1","1","2","3"
"Osteichthyes","Teleostei","Mugiliformes","Mugilidae","Mugil_cephalus",785,3.41007194244604,0.165467625899281,0.591836734693878,0.546762589928058,0.469831201355973,0.352517985611511,0.453237410071942,0.198357118540813,1.98333333333333,100,42.3138833850926,45296.6049217651,2.48000001907349,"2","1","3","3","1","4","1"
"Osteichthyes","Teleostei","Beloniformes","Hemiramphidae","Hyporhamphus_intermedius",12985,11.9607843137255,0.333333333333333,0.411764705882353,0.745098039215686,4.90400937585538,0.666666666666667,0.695949092037871,0.0847135299341415,1.43478260869565,20.2999992370605,5.81767214860472,382.417005840191,3.40000009536743,"3","1","1","1","4","5","3"
"Osteichthyes","Teleostei","Beloniformes","Adrianichthyidae","Oryzias_sinensis",52632,4.57657657657658,0.369369369369369,0.593220338983051,0.693693693693694,0.566466948036217,0.531531531531532,0.80220589983123,0.149716225156908,2.02222222222222,3.09999990463257,14.6272936560701,2858.93271297184,2.73000001907349,"2","0","1","1","4","4","3"
"Osteichthyes","Teleostei","Cyprinodontiformes","Poeciliidae","Gambusia_affinis",3215,4.4,0.3375,0.481481481481481,0.6375,0.498626371030972,0.675,0.4125,0.0995940235395347,1.03571428571429,5.09999990463257,8.19933598129255,1044.06098676763,3.0699999332428,"2","1","1","1","5","5","3"
"Osteichthyes","Teleostei","Synbranchiformes","Synbranchidae","Monopterus_albus",4663,16.1449275362319,0.347826086956522,0.388888888888889,0.463768115942029,0.848018751248542,0.521739130434783,0,0,0,100,11.0039160892873,1973.72689260655,2.88000011444092,"3","1","1","3","4","4","3"
"Osteichthyes","Teleostei","Synbranchiformes","Mastacembelidae","Sinobdella_sinensis",52400,8.46341463414634,0.317073170731707,0.285714285714286,0.146341463414634,0.644600809867341,0.426829268292683,0.417658794002188,0.0355608927046434,0,21.1000003814697,6.30668696693383,496.8665784015,3.27999997138977,"3","0","1","3","1","2","3"
"Osteichthyes","Teleostei","Synbranchiformes","Mastacembelidae","Mastacembelus_armatus",10140,10.2,0.246153846153846,0.384615384615385,0.338461538461538,1.43704166863611,0.4,0.153846153846154,0.0624987914181014,0,90,13.2487605916607,2574.82072950639,2.77999997138977,"3","1","1","3","1","2","3"
"Osteichthyes","Teleostei","Centrarchiformes","Sinipercidae","Siniperca_roulei",55428,5.19101123595506,0.426966292134831,0.254901960784314,0.584269662921348,0.467720017328493,0.573033707865168,0.325842696629214,0.152946240925797,1.0952380952381,20,6.21655441206995,73.4604016997017,3.70000004768372,"3","0","1","1","1","3","1"
"Osteichthyes","Teleostei","Centrarchiformes","Sinipercidae","Siniperca_chuatsi",28054,3.2,0.381818181818182,0.325581395348837,0.387878787878788,0.500945563454373,0.521212121212121,0.266666666666667,0.130613179163384,1.56060606060606,70,6.14516892736184,33.1746210468609,4.44999980926514,"3","0","1","1","1","3","1"
"Osteichthyes","Teleostei","Centrarchiformes","Sinipercidae","Siniperca_knerii",55170,2.91715976331361,0.325443786982249,0.364864864864865,0.218934911242604,0.363862486968547,0.437869822485207,0.313609467455621,0.201312710357801,1.85294117647059,35.5,5.83331359322189,57.948372758009,3.92000007629395,"3","1","1","1","1","2","1"
"Osteichthyes","Teleostei","Centrarchiformes","Sinipercidae","Siniperca_scherzeri",55171,3.4792899408284,0.514792899408284,0.235294117647059,0.544378698224852,0.409541148513832,0.603550295857988,0.372781065088757,0.163203290375964,1.47887323943662,37.4000015258789,5.90226672848008,59.0451161108437,3.94000005722046,"3","1","1","1","1","3","1"
"Osteichthyes","Teleostei","Centrarchiformes","Sinipercidae","Siniperca_obscura",52749,3.86092715231788,0.503311258278146,0.164835164835165,0.509933774834437,0.412929543473757,0.602649006622517,0.470198675496689,0.160915343161175,1.57575757575758,13.1700000762939,5.74835303171301,56.8799225485038,3.96000003814697,"3","0","1","1","1","2","1"
"Osteichthyes","Teleostei","Centrarchiformes","Sinipercidae","Siniperca_undulata",55172,3.3,0.35,0.300970873786408,0.327777777777778,0.746121400265665,0.572222222222222,0.25,0.185925974705396,1.34722222222222,15,7.12923364135274,78.0188559715687,3.65000009536743,"3","0","1","1","1","2","1"
"Osteichthyes","Teleostei","Gobiiformes","Odontobutidae","Odontobutis_potamophilus",59098,4.85384615384615,0.569230769230769,0.247191011235955,0.392307692307692,0.574024259525607,0.684615384615385,0.392307692307692,0.266630539804178,0.805194805194805,15.1999998092651,7.88124692985041,149.472781997993,3.22000002861023,"3","0","2","3","4","3","3"
"Osteichthyes","Teleostei","Gobiiformes","Odontobutidae","Odontobutis_sinensis",61585,4.2824427480916,0.351145038167939,0.267605633802817,0.343511450381679,0.378451516691392,0.541984732824427,0.267175572519084,0.261546593300347,1.16666666666667,18.1000003814697,7.88124692985041,149.472781997993,3.23000001907349,"3","0","2","3","4","2","3"
"Osteichthyes","Teleostei","Gobiiformes","Odontobutidae","Micropercops_cinctus",4695,3.96153846153846,0.507692307692308,0.277777777777778,0.407692307692308,0.302254900194121,0.692307692307692,0.323076923076923,0.22949616340749,1.73529411764706,8,9.83882239297166,320.00661494294,2.95000004768372,"3","0","2","3","4","3","3"
"Osteichthyes","Teleostei","Gobiiformes","Gobiidae","Rhinogobius_similis",23114,5.58947368421053,0.757894736842105,0.269662921348315,0.8,0.35761416770426,0.936842105263158,0.189473684210526,0.234007149785447,1.23728813559322,10,8.09008824909254,125.944936916809,3.3199999332428,"3","0","2","3","4","3","3"
"Osteichthyes","Teleostei","Gobiiformes","Gobiidae","Rhinogobius_cliffordpopei",60226,4.97368421052632,0.782894736842105,0.157142857142857,0.973684210526316,0.395123333883981,0.921052631578947,0.717105263157895,0.261958200950799,2.80263157894737,14.5,7.8606152018757,112.169124857551,3.39000010490417,"3","0","2","3","4","3","3"
"Osteichthyes","Teleostei","Gobiiformes","Gobiidae","Rhinogobius_wuyiensis",64013,4.83529411764706,0.517647058823529,0.225806451612903,0.317647058823529,0.794262725951298,0.729411764705882,0.317647058823529,0.238641359323392,1.26829268292683,4.15999984741211,8.36031641427351,166.790149576843,3.1800000667572,"3","0","2","3","4","3","3"
"Osteichthyes","Teleostei","Gobiiformes","Gobiidae","Rhinogobius_davidi",54774,6.27631578947368,0.592105263157895,0.365079365079365,0.815789473684211,0.495888868311533,0.828947368421053,0.184210526315789,0.197832929867313,1.1,5.40000009536743,8.25390000419644,146.427735207108,3.24000000953674,"3","0","2","3","4","3","3"
"Osteichthyes","Teleostei","Gobiiformes","Gobiidae","Rhinogobius_niger",NA,5.72839506172839,0.617283950617284,0.314285714285714,0.654320987654321,0.545856376415509,0.864197530864197,0.333333333333333,0.2026320564404,1.72727272727273,9.08119055073655,8.02369130664665,147.317448750412,3.27949491194378,"3","0","2","3","4","3","3"
"Osteichthyes","Teleostei","Gobiiformes","Gobiidae","Mugilogobius_myxodermus",55202,4.77586206896552,0.28448275862069,0.311475409836066,0.413793103448276,0.544943283232612,0.525862068965517,0.241379310344828,0.181261952500118,1.20454545454545,4.90000009536743,8.32055875772864,128.183871990895,3.36999988555908,"3","0","2","3","4","3","3"
"Osteichthyes","Teleostei","Anabantiformes","Osphronemidae","Macropodus_ocellatus",4795,2.64848484848485,0.4,0.368421052631579,0.551515151515152,0.283234190464709,0.575757575757576,0.381818181818182,0.270177979737216,1.6125,8.60000038146973,8.12284037112556,112.169124857551,3.44000005722046,"3","0","1","1","4","3","1"
"Osteichthyes","Teleostei","Anabantiformes","Osphronemidae","Macropodus_opercularis",4777,2.92982456140351,0.233918128654971,0.464788732394366,0.707602339181287,0.402826750593665,0.415204678362573,0.333333333333333,0.158930373152849,1.375,6.69999980926514,6.90793975794922,67.1891152910897,3.77999997138977,"3","1","1","1","4","3","1"
"Osteichthyes","Teleostei","Anabantiformes","Channidae","Channa_orientalis",5143,5.26415094339623,0.254716981132075,0.471698113207547,0.528301886792453,0.548469503915042,0.5,0.377358490566038,0.129256078281412,1.94,33,6.02457471905279,63.8084559383124,3.82999992370605,"3","1","1","3","5","3","1"
"Osteichthyes","Teleostei","Anabantiformes","Channidae","Channa_maculata",8701,5.30508474576271,0.322033898305085,0.403508771929825,0.432203389830508,1.08275607889189,0.483050847457627,0.296610169491525,0.13918863201784,1.82352941176471,20,6.92764199010571,77.0644719092502,3.66000008583069,"3","0","1","3","4","4","1"
"Osteichthyes","Teleostei","Anabantiformes","Channidae","Channa_asiatica",7756,5.95789473684211,0.294736842105263,0.457627118644068,0.284210526315789,1.03111601181391,0.621052631578947,0.305263157894737,0.173657925974544,1.89473684210526,23.5,6.65444105576497,70.1784086023141,3.74000000953674,"3","0","1","3","4","4","1"
"Osteichthyes","Teleostei","Pleuronectiformes","Cynoglossidae","Cynoglossus_cynoglossus",5456,3.19179670897711,0.228334714378648,0.0630786070759355,0.468717863197977,0.734609033942021,0.53106030063929,0,0,2.39652580645161,20,6.80617178526294,214.125094698585,3.5,"2","1","3","3","1","3","3"
"Osteichthyes","Teleostei","Tetraodontiformes","Tetraodontidae","Takifugu_obscurus",24264,2.78350515463918,0.38659793814433,0.150442477876106,0.639175257731959,0.182438302018481,0.582474226804124,0.608247422680412,0.114185851921985,1.94,40,5.97407059342501,418.042121991095,3.39000010490417,"2","1","3","2","1","5","2"
"Osteichthyes","Teleostei","Tetraodontiformes","Tetraodontidae","Takifugu_ocellatus",55081,3.82781456953642,0.602649006622517,0.25,0.370860927152318,0.178312155999088,0.874172185430464,0.47682119205298,0.141361233327443,1.29166666666667,17.6000003814697,6.74368327687781,607.352211984254,3.25999999046326,"2","1","3","2","1","5","2"
